{
  "version": 1,
  "template_type": "20q_mcq_png",
  "trained_at": "2026-03-11T16:53:52.885061+00:00",
  "trained_images": [
    "rawmcq.jpeg",
    "camscannermcq.jpeg",
    "mcq.png"
  ],
  "y_centers_norm": [
    0.4044997815640017,
    0.4515072083879423,
    0.4960529123106464,
    0.5461304316904914,
    0.5945067918355735,
    0.6414583212108281,
    0.6933548467392077,
    0.7420800440935922,
    0.7784192091600881,
    0.8283676481046867
  ],
  "x_cols_norm": [
    [
      0.15836693548387099,
      0.2528225806451613,
      0.34516129032258064,
      0.43911290322580643
    ],
    [
      0.7017137096774193,
      0.7964717741935484,
      0.8900705645161291,
      0.9821572580645161
    ]
  ],
  "roi_half_w_norm": 0.008064516129032258,
  "roi_half_h_norm": 0.00873743993010048,
  "mark_threshold": 0.17,
  "ambiguity_second_min": 0.18,
  "ambiguity_gap_max": 0.06,
  "ambiguity_peak_cap": 0.8,
  "training_stats": {
    "total_samples": 3,
    "density_min": 0.0,
    "density_p50": 0.3639583333333334,
    "density_p90": 0.9520833333333332,
    "density_max": 1.0
  }
}