{
  "version": 1,
  "template_type": "20q_mcq_png",
  "trained_at": "perfect_capture",
  "y_centers_norm": [
    0.3609936575052854,
    0.41807610993657507,
    0.47463002114164904,
    0.5317124735729387,
    0.5465116279069767,
    0.5887949260042283,
    0.6453488372093024,
    0.702431289640592,
    0.758985200845666,
    0.8155391120507399
  ],
  "x_cols_norm": [
    [
      0.12862903225806452,
      0.18669354838709679,
      0.24596774193548387,
      0.3032258064516129
    ],
    [
      0.4338709677419355,
      0.4915322580645161,
      0.5508064516129032,
      0.6084677419354839
    ],
    [
      0.8556451612903225,
      0.9145161290322581,
      0.9705645161290323,
      0.9879032258064516
    ]
  ],
  "roi_half_w_norm": 0.008064516129032258,
  "roi_half_h_norm": 0.010570824524312896,
  "mark_threshold": 0.17,
  "ambiguity_second_min": 0.18,
  "ambiguity_gap_max": 0.06,
  "ambiguity_peak_cap": 0.8
}